-- phpMyAdmin SQL Dump
-- version 5.1.1
-- https://www.phpmyadmin.net/
--
-- Host: 127.0.0.1
-- Generation Time: Jun 05, 2022 at 07:29 PM
-- Server version: 10.4.22-MariaDB
-- PHP Version: 8.1.2

SET SQL_MODE = "NO_AUTO_VALUE_ON_ZERO";
START TRANSACTION;
SET time_zone = "+00:00";


/*!40101 SET @OLD_CHARACTER_SET_CLIENT=@@CHARACTER_SET_CLIENT */;
/*!40101 SET @OLD_CHARACTER_SET_RESULTS=@@CHARACTER_SET_RESULTS */;
/*!40101 SET @OLD_COLLATION_CONNECTION=@@COLLATION_CONNECTION */;
/*!40101 SET NAMES utf8mb4 */;

--
-- Database: `project141`
--
CREATE DATABASE IF NOT EXISTS `project141` DEFAULT CHARACTER SET utf8mb4 COLLATE utf8mb4_general_ci;
USE `project141`;

--
-- Dumping data for table `company`
--

INSERT INTO `company` (`ID`, `Budget`) VALUES
(1, '100000.00'),
(2, '150000.00'),
(3, '175000.00'),
(4, '180000.00'),
(5, '250000.00'),
(6, '350000.00'),
(7, '500000.00'),
(8, '450000.00'),
(9, '50000.00'),
(10, '1000000.00'),
(11, '98555.00'),
(12, '45000.00'),
(13, '655000.00'),
(14, '800000.00'),
(15, '780000.00');

--
-- Dumping data for table `episthmoniko_pedio`
--

INSERT INTO `episthmoniko_pedio` (`NAME`) VALUES
('Αγγλική Γλώσσα'),
('Αεροδυναμική'),
('Ανάλυση Δεδομένων'),
('Αναλυτική Γεωμετρία'),
('Ανανεώσιμες Πηγές Ενέργειας'),
('Ανθρωπιστικές Επιστήμες'),
('Αυτόματα Μοντέλα'),
('Βελτιστοποίηση'),
('Βιολογία'),
('Γερμανική Γλώσσα'),
('Γεωλογία'),
('Γραμμική Άλγεβρα'),
('Διαφορικές Εξισώσεις'),
('Δομές Δεδομένων'),
('Δυναμικά Συστήματα'),
('Εμβιομηχανική'),
('Επιστήμη Υπολογιστών'),
('Επιχειρησιακή Έρευνα'),
('Εργαστηριακή Φυσική'),
('Θεολογία'),
('Θερμοδυναμική'),
('Θεωρία Ελαστικότητας'),
('Ιατρική'),
('Ιστορία'),
('Ιταλική Γλώσσα'),
('Κβαντομηχανική'),
('Κινηματική'),
('Κοινωνικές Επιστήμες'),
('Κοινωνιολογία'),
('Κρυπτογραφία'),
('Μαθηματικά'),
('Μηχανική'),
('Νεοελληνική Γλώσσα'),
('Νομική'),
('Οικολογία'),
('Οικονομικά'),
('Παιδαγωγική'),
('Περιβάλλον'),
('Πιθανότητες'),
('Προγραμματισμός'),
('Προτυποποίηση'),
('Ρευστομηχανική'),
('Στατιστική'),
('Σύνθετα Υλικά'),
('Τεχνητή Νοημοσύνη '),
('Τεχνολογίες Διαδικτύου'),
('Τεχνολογικές Επιστήμες'),
('Φιλοσοφία'),
('Φυσική'),
('Χρηματοοικονομικά');

--
-- Dumping data for table `ereuniths`
--

INSERT INTO `ereuniths` (`ID`, `FirstName`, `LastName`, `Gender`, `DoBirth`) VALUES
(124, 'Καλυψώ', 'Ιωακείμ', 'Female', '1964-07-06'),
(125, 'Κονδυλία-Κλαίρη', 'Παπαευαγγελίου', 'Female', '1964-06-21'),
(126, 'Ζωή', 'Κουτσούμπη', 'Female', '1967-10-08'),
(127, 'Ανδρομάχη', 'Δουκίδου', 'Female', '1986-11-14'),
(128, 'Αδαμαντία', 'Μπαλανίκα', 'Female', '1986-02-04'),
(129, 'Έξαρχος', 'Καμπάκας', 'Male', '1987-04-26'),
(130, 'Σεραφείμ', 'Γρηγοριάδης', 'Male', '1976-07-29'),
(131, 'Δημοκράτης', 'Σφύρλας', 'Male', '1970-10-21'),
(132, 'Έλλη', 'Μαλίμη', 'Female', '1987-07-17'),
(133, 'Αγαθοκλής', 'Σαραφίδης', 'Male', '1978-04-08'),
(134, 'Βαρθολομαίος-Γκίκας', 'Μπλανάς', 'Male', '1970-01-26'),
(135, 'Ιππόλυτος', 'Τσαραμιάδης', 'Male', '1979-12-30'),
(136, 'Αγόρω', 'Κατσιλλή', 'Female', '1987-01-27'),
(137, 'Κόσμια', 'Μάλαμα', 'Female', '1982-08-03'),
(138, 'Τίτος', 'Κουτσούρας', 'Male', '1974-12-12'),
(139, 'Αντίγονος', 'Γεωργαλάς', 'Male', '1998-09-16'),
(140, 'Θεόκλητος', 'Δημοβελής', 'Male', '1988-01-19'),
(141, 'Αφέντης', 'Καλαμάρας', 'Male', '1983-12-02'),
(142, 'Ελεονόρα', 'Κουζουλά', 'Female', '1974-12-09'),
(143, 'Κλεομένης', 'Μασόπουλος', 'Male', '1965-07-27'),
(144, 'Βαλάντω-Ξένη', 'Αραπάκη', 'Female', '1989-03-21'),
(145, 'Ρόζα', 'Γεωργαρά', 'Female', '1971-05-29'),
(146, 'Ευτέρπη', 'Τοσούνη', 'Female', '1990-10-13'),
(147, 'Βαρθολομαίος', 'Ρόγαρης', 'Male', '1991-02-25'),
(148, 'Παυλίνα', 'Μπελέκου', 'Female', '1968-03-05'),
(149, 'Μαρτίνος', 'Σπαθόπουλος', 'Male', '1987-07-20'),
(150, 'Παντελής', 'Βαβουλίδης', 'Male', '1988-01-15'),
(151, 'Έκτορας', 'Μαστρογιάννης', 'Male', '1984-03-30'),
(152, 'Δέσποινα', 'Μωραΐτη', 'Female', '1982-05-20'),
(153, 'Αρέθα', 'Καρακωνσταντινού', 'Female', '1969-10-24'),
(154, 'Αστέρω', 'Τριφτανίδου', 'Female', '2003-08-18'),
(155, 'Βενιαμίν', 'Τσαλαμάνδρης', 'Male', '1992-10-13'),
(156, 'Γεσθημανή', 'Παπαθωμά', 'Female', '1991-10-20'),
(157, 'Ευδόξιος', 'Μπλανάς', 'Male', '1985-08-02'),
(158, 'Βασιλεία', 'Μπελέκου', 'Female', '1993-11-21'),
(159, 'Ταξίαρχος', 'Βούκας', 'Male', '1995-04-24'),
(160, 'Δημοκράτης-Θεολόγος', 'Αβραμίδης', 'Male', '1992-12-25'),
(161, 'Μενέλαος', 'Αγγελίκας', 'Male', '1977-04-22'),
(162, 'Ασημάκης', 'Χατζόπουλος', 'Male', '1982-12-01'),
(163, 'Ολύμπια', 'Ιωακείμ', 'Female', '1991-04-16'),
(164, 'Συμεωνία', 'Ρέππα', 'Female', '1968-09-20'),
(165, 'Νικόδημος', 'Χατζελλής', 'Male', '1978-03-27'),
(166, 'Λέων', 'Κερασοβίτης', 'Male', '1963-11-23'),
(167, 'Ζαφείριος', 'Ταχμαζίδης', 'Male', '1965-03-07'),
(168, 'Ευσέβιος', 'Μακρυγιάννης', 'Male', '1998-03-23'),
(169, 'Σαπφώ', 'Ξηροτύρη', 'Female', '1992-09-04'),
(170, 'Ευμένιος', 'Κωτούλας', 'Male', '1981-09-15'),
(171, 'Φραγκίσκος-Δαμιανός', 'Σίδερης', 'Male', '1968-03-23'),
(172, 'Αναστάσιος', 'Κατάκης', 'Male', '1983-03-21'),
(173, 'Ιούλιος', 'Γιωτάκης', 'Male', '1998-07-02'),
(174, 'Ελπίδα-Τατιάνα', 'Καλαμάρα', 'Female', '1967-01-21'),
(175, 'Χρυσόστομη', 'Μαγούλα', 'Female', '1981-08-30'),
(176, 'Βαλάντης', 'Ρέντας', 'Male', '1998-01-06'),
(177, 'Δαμασκηνή', 'Σωτηροπούλου', 'Female', '1969-08-03'),
(178, 'Πασχαλιά', 'Τζιρατούδη', 'Female', '1989-11-15'),
(179, 'Τσαμπίκα', 'Λιόντη', 'Female', '1982-04-24'),
(180, 'Κλεομένης', 'Πουφτσής', 'Male', '1971-10-20'),
(181, 'Αχιλλεία', 'Δούβαλη', 'Female', '1988-05-18'),
(182, 'Νικολέτα', 'Πυροβόλου', 'Female', '1971-12-02'),
(183, 'Φοίβος', 'Κοντός', 'Male', '1986-07-08'),
(184, 'Μιχαήλ', 'Φραγκόπουλος', 'Male', '1990-09-02'),
(185, 'Λαζαρία', 'Σεβαστού', 'Female', '1996-07-21'),
(186, 'Νικήτας', 'Στοφοριάδης', 'Male', '1966-07-09'),
(187, 'Ευτέρπη', 'Ζαχαρίου', 'Female', '1996-02-22'),
(188, 'Παντελία', 'Καψή', 'Female', '1964-02-28'),
(189, 'Κωστούλα', 'Ξενάκη', 'Female', '1963-02-10'),
(190, 'Πανταζής-Ανανίας', 'Τολούδης', 'Male', '1967-12-17'),
(191, 'Φοίβος', 'Μαζαράκης', 'Male', '1962-11-10'),
(192, 'Αθηναγόρας', 'Γιαπατζής', 'Male', '1962-09-04'),
(193, 'Ταξιάρχης', 'Τσαγλιώτης', 'Male', '1982-04-30'),
(194, 'Διονυσία', 'Ζαρζάνη', 'Female', '2001-05-28'),
(195, 'Δήμος', 'Γεωργούδης', 'Male', '1991-12-16'),
(196, 'Ιερεμίας', 'Λυμπέρης', 'Male', '1973-11-15'),
(197, 'Κασσάνδρα', 'Παππά', 'Female', '1972-06-30'),
(198, 'Όθων', 'Δακαναλής', 'Male', '1998-02-03'),
(199, 'Αύγουστος', 'Θηβαίος', 'Male', '1975-02-19'),
(200, 'Ισαάκ', 'Ψυχιάς', 'Male', '1988-11-19'),
(201, 'Νεόφυτος', 'Μάργαρης', 'Male', '1977-05-28'),
(202, 'Γλαύκη-Κλημεντίνη', 'Κατσανίκου', 'Female', '2002-05-03'),
(203, 'Ακρίτας', 'Μάνος', 'Male', '1964-09-08'),
(204, 'Πασχαλιά', 'Γκάγκα', 'Female', '1975-02-17'),
(205, 'Αμβροσία', 'Ψυχάρη', 'Female', '1974-03-22'),
(206, 'Στέργιος', 'Κοντογιάννης', 'Male', '2004-02-07'),
(207, 'Σάρρα', 'Σπασέγκου', 'Female', '1981-10-11'),
(208, 'Ιωακείμ-Λαυρέντιος', 'Μπουλούκος', 'Male', '1966-02-03'),
(209, 'Ρουμπίνη', 'Σταματούκου', 'Female', '1999-08-29'),
(210, 'Μάριος', 'Ρίσβας', 'Male', '1993-05-11'),
(211, 'Ευριπίδης', 'Τσαμασλίδης', 'Male', '1994-10-16'),
(212, 'Ιορδάνης', 'Κατσίπης', 'Male', '1965-04-18'),
(213, 'Αλκινόη', 'Καλαϊτζοπούλου', 'Female', '1986-03-24'),
(214, 'Θεοδόσης', 'Συλλίγαρδος', 'Male', '1962-11-28'),
(215, 'Ανάργυρη', 'Παπανώτα', 'Female', '1977-07-16'),
(216, 'Ιφιγένεια', 'Τριφτανίδου', 'Female', '1977-06-17'),
(217, 'Γιολάντα', 'Μοσχοβάκη', 'Female', '2003-10-26'),
(218, 'Οδύσσεια', 'Γκαλίου', 'Female', '1984-02-18'),
(219, 'Πασχάλης', 'Μποζίκης', 'Male', '1984-07-19'),
(220, 'Αγόρω', 'Στούμπου', 'Female', '1965-06-10'),
(221, 'Θεόκλεια', 'Γιανναρά', 'Female', '1976-09-07'),
(222, 'Μαργαρίτα-Θεμιστόκλεια', 'Καραμανλή', 'Female', '1976-02-22'),
(223, 'Προδρομία', 'Μαντά', 'Female', '1983-09-02');

--
-- Dumping data for table `ereunitiko_kentro`
--

INSERT INTO `ereunitiko_kentro` (`ID`, `Ministry_Budget`, `Private_Budget`) VALUES
(1, '10000.00', '20000.00'),
(2, '50000.00', '120000.00'),
(3, '75000.00', '100000.00'),
(4, '150000.00', '150000.00'),
(5, '40000.00', '60000.00'),
(6, '75000.00', '75000.00'),
(7, '85000.00', '120000.00'),
(8, '95000.00', '120000.00'),
(9, '50000.00', '70000.00'),
(10, '85500.00', '98000.00'),
(11, '85666.00', '100000.00'),
(12, '500000.00', '600000.00'),
(13, '100000.00', '100000.00'),
(14, '250000.00', '270000.00'),
(15, '450000.00', '450000.00');

--
-- Dumping data for table `ergo`
--

INSERT INTO `ergo` (`ID`, `Title`, `Synopsis`, `StartDate`, `EndDate`, `Episthm_Ypeuth`, `Stelexos`, `Organization`, `Xorhgia`, `Funding`) VALUES
(1, 'Opel', 'Κατασκευάζουμε αυτοκίνητα', '2017-06-06', '2021-01-03', 128, 208, 16339, 143, '100000.00'),
(2, 'Prom Racing Team', 'Παράγουμε ηλεκτρικά μονοθέσια', '2019-04-06', '2023-06-05', 172, 210, 16352, 149, '555000.00'),
(3, 'Aristotle Racing Team', 'Θερμικά μονοθέσια', '2019-10-09', '2021-09-13', 203, 214, 16331, 134, '20000.00'),
(4, 'Centaurus Racing Team', 'Σχεδιάζουμε μονοθέσια', '2018-06-16', '2022-06-19', 128, 208, 16346, 141, '23000.00'),
(5, 'Περιβάλλον και Αγάπη', 'Δράσεις για την ανάπτυξη περιβαλλοντικής συνείδησης', '2021-11-14', '2023-06-19', 181, 214, 16344, 142, '520000.00'),
(6, 'Erasmus', 'Σύνδεση φοιτητών από διαφορετικές χώρες', '2016-06-02', '2019-12-15', 133, 205, 16340, 140, '600000.00'),
(7, 'LAND ROVER Student', 'Ελέγχου τις δυνάμεις ενός οχήματος', '2012-06-30', '2014-06-15', 155, 183, 16343, 149, '420000.00'),
(8, 'BIOALGAFOOD', 'Παραγωγή βιοδραστικών πολυσακχαριτών', '2018-06-07', '2021-11-01', 139, 183, 16348, 127, '969666.00'),
(9, 'TasteSTEVIA', 'Oλιστική προσέγγιση του κύκλου παραγωγής του φυτού Stevia', '2020-08-15', '2022-06-30', 192, 164, 16331, 147, '520000.00'),
(10, 'Repair3D', 'Αξιοποίηση ανακυκλώσιμων πλαστικών', '2022-06-18', '2023-10-17', 153, 205, 16357, 149, '62000.00'),
(11, 'ΕΛΑΙΟΝ', 'Μελέτη και αξιοποίηση του ελαιόλαδου ως πρότυπης πρώτης ύλης για ειδικές χρήσεις', '2014-06-13', '2017-10-15', 220, 151, 16332, 144, '250000.00'),
(12, 'ProbiYo', 'Ανάπτυξη προϊόντων τροφίμων', '2022-06-01', '2023-10-09', 220, 127, 16330, 153, '95000.00'),
(13, 'Tacis', 'Αναβάθμιση της Τριτοβάθμιας Εκπαίδευσης χωρών της Ανατολικής Ευρώπης', '2022-09-05', '2024-10-01', 144, 209, 16341, 154, '350000.00'),
(14, 'Open and Distance Learning', 'Έρευνα και Ανάλυση Καλών Πρακτικών για την Υιοθέτηση του Ηλεκτρονικού Εμπορίου ', '2024-06-01', '2026-11-19', 213, 182, 16351, 154, '89999.00'),
(15, 'Socrates', 'Ανάπτυξη Διαπανεπιστημιακών Προγραμμάτων Σπουδών', '2021-10-24', '2023-08-23', 181, 148, 16345, 129, '250000.00'),
(16, 'LeonardoDaVinci', 'Σύνδεση Τέχνης και Πανεπιστημίου', '2021-07-21', '2023-07-21', 147, 157, 16347, 132, '150000.00'),
(17, 'ResponsibleMed', 'Τοπικές πολιτικές για υπεύθυνη ανάπτυξη στις Μεσογειακές χώρες.', '2027-01-01', '2029-09-24', 199, 212, 16329, 128, '750000.00'),
(18, 'LACRIMALit', 'Ηγέτες και διαχείριση κρίσεων στην αρχαία ελληνική λογοτεχνία', '2017-09-01', '2021-05-02', 158, 204, 16347, 144, '150000.00'),
(19, 'VCAT-Gr', 'Ανάλυση της αλυσίδας αξίας του καπνού στην Ελλάδα (1949-1981)', '2020-04-15', '2023-01-02', 144, 210, 16338, 135, '800000.00'),
(20, 'DETACC', 'Ανίχνευση και απόδοση της γεωργικής ξηρασίας στην ανθρωπογενή κλιματική αλλαγή', '2020-06-23', '2024-08-25', 213, 154, 16346, 129, '250000.00'),
(21, 'ΔΙΑΤΟΠΟ', 'Διαχρονικά τοπία πολιτισμού της Κρήτης', '2019-03-18', '2023-06-29', 141, 148, 16349, 155, '50000.00'),
(22, 'ΝΑΥΣ', 'Ανάδειξη και υλικοτεχνική τεκμηρίωση της ελληνικής ναυπηγικής', '2021-09-21', '2024-10-20', 215, 179, 16349, 146, '45000.00'),
(23, 'MisDep', 'Μετανάστευση και αναπτυξιακές στρατηγικές', '2020-04-05', '2023-12-31', 153, 208, 16351, 152, '50000.00'),
(24, 'SettleinEastCrete', 'Έργα Τέχνης στην νεότερη Κρήτη', '2021-06-28', '2023-07-31', 128, 179, 16337, 138, '23500.00'),
(25, '5DARE', 'Ανάπτυξη ολοκληρωμένης διαστημικής τεχνολογίας', '2022-08-01', '2024-08-20', 205, 157, 16352, 128, '1000000.00'),
(26, 'ARCHERS', 'Προώθηση του Ανθρώπινου Κεφαλαίου', '2024-03-18', '2026-11-30', 147, 212, 16338, 140, '450000.00'),
(27, 'Πηγές Νεοελληνικού θεάτρου', 'Εισαγωγή στην τέχνη του θεάτρου', '2020-04-27', '2023-09-18', 162, 212, 16330, 139, '650000.00'),
(28, 'Ιστορία Επιχειρήσεων Ωνάση', 'Ιστορία Επιχειρήσεων και Τεχνικές Επένδυσης', '2018-06-19', '2020-09-21', 199, 209, 16347, 154, '2000000.00'),
(29, 'NanoTech', 'Κβαντικές μετρήσεις με υπέρψυχρα νέφη ατόμων', '2020-06-28', '2024-01-16', 156, 152, 16352, 135, '650000.00'),
(30, 'Fireproof materials', 'Ανεπτυγμένα υλικά για πυροσβεστικά ηλιακά κελιά', '2023-08-15', '2025-05-12', 205, 182, 16353, 133, '200000.00'),
(31, 'Water Analysis', 'Μειώση των αποθεμάτων του υπόγειου νερού', '2023-09-10', '2026-09-10', 133, 221, 16330, 141, '500000.00'),
(32, 'Earthquake analysis', 'Οι μηχανισμοί της επαγόμενης σεισμικότητας από ρευστά', '2019-09-12', '2022-04-18', 203, 212, 16335, 149, '250000.00'),
(33, 'Newdata', 'Διασυνδεδεμένα δεδομένα ροής με χρήση συνόψεων', '2022-11-26', '2023-04-13', 139, 178, 16357, 156, '750000.00'),
(34, 'Eara Medicine', 'Διερεύνηση των μεταβολικών αποκλίσεων των Τ ρυθμιστικών κυττάρων', '2020-10-20', '2023-10-22', 156, 157, 16328, 127, '250000.00'),
(35, 'DNage', 'Μελέτη της επίδρασης των γενετικών αλλοιώσεων', '2021-07-17', '2024-10-21', 199, 198, 16341, 145, '450000.00'),
(36, 'Machine Life', 'Ρόλος των Μηχανικών δυνάμεων στην Ανάπτυξη και στον καρκίνο', '2020-03-23', '2024-01-01', 199, 138, 16343, 149, '2000000.00'),
(37, 'Routes', 'Μετανάστευση των πουλιών σε ένα συνεχώς μεταβαλλόμενο κόσμο', '2022-01-10', '2025-01-01', 192, 204, 16352, 151, '250000.00'),
(38, 'New medicine', 'Οικολογική επιτυχία πέρα από το γονιδίωμα', '2019-04-23', '2023-02-28', 155, 154, 16341, 145, '255000.00'),
(39, 'Body Power', 'Ανάκτηση ανθρώπινου σκελετού', '2021-10-24', '2025-04-15', 215, 179, 16346, 154, '360000.00'),
(40, 'Protein techo', 'Πρωτεΐνες με επικράτεια αναδίπλωσης ιστόνης και αποκλίνουσες λειτουργίες', '2019-06-17', '2022-07-29', 203, 164, 16357, 156, '25000.00'),
(41, 'ThermoGrounds', 'Επιτόπια Απορρύπανση Εδαφών με Μη Θερμικό Πλάσμα', '2018-06-30', '2022-06-01', 147, 205, 16357, 155, '85000.00'),
(42, 'DataFinder', 'Εξόρυξη δεδομένων μέσα από Μπεϋζιανή Ανάλυση ', '2022-02-15', '2025-06-28', 139, 148, 16351, 135, '500000.00'),
(43, 'InRoomsAnalysis', 'Ενεργειακή μετάβαση κλειστών χώρων ', '2022-06-17', '2026-03-17', 199, 157, 16336, 147, '850000.00'),
(44, 'Haas', 'Κατασκευή μηχανημάτων μηχανολογιών κατεργασιών', '2023-08-16', '2025-08-18', 154, 210, 16336, 134, '650000.00'),
(45, 'New Era', 'Αξιοποίηση ανανεώσιμων πηγών ενέργειας', '2022-03-01', '2026-05-01', 139, 208, 16349, 132, '68000.00'),
(46, 'Sun cars', 'Δημιουργία αυτοκινήτων με ηλιακή ενέργεια', '2024-06-14', '2028-02-01', 181, 214, 16332, 136, '5000000.00'),
(47, 'Geo Analysis', 'Εντοπισμός & χαρτογράφηση κοιτασμάτων Co και Li ', '2021-06-19', '2024-04-15', 215, 186, 16351, 149, '320000.00'),
(48, 'Waves Protection Analysis', 'Επιστημονική εκτίμηση της έκθεσης και του κινδύνου από συστήματα χιλιοστομετρικών κυμάτων (5G και μετά)', '2020-08-21', '2023-10-22', 199, 178, 16354, 134, '250000.00'),
(49, 'Post Covid Analysis', 'Διερεύνηση του ρόλου των οικόσιτων και αναπαραγωγικών ζώων στην κυκλοφορία του SARS-CoV-2', '2020-04-01', '2024-01-01', 144, 182, 16347, 147, '350000.00'),
(50, 'Νομική Εξειδίκευση ', 'Παροχή έγγραφης γνώμης επί ειδικών νομικών θεμάτων', '2021-06-19', '2024-06-22', 141, 186, 16335, 144, '152000.00');

--
-- Dumping data for table `organization`
--

INSERT INTO `organization` (`ID`, `Name`, `TagName`, `Street`, `StreetNo`, `City`, `PostalCode`, `UniID`, `CompID`, `EreunID`) VALUES
(16328, 'Βαφειάδου, Βλαχονικολέας και Παπαδόπουλος', 'Α.Ε. ΟΜΙΛΟΣ ΕΤΑΙΡΕΙΩΝ', 'Λυρκείας 593-824', '19', 'Ιωάννινα', 'ΤΚ 92411', 1, NULL, NULL),
(16329, 'Θεοδωροπούλου-Μητροπούλου Α.Ε.', 'Ο.Ε.', 'Καλπακίου 784-080', '60', 'Πύργος', 'ΤΚ 535 13', 1, NULL, NULL),
(16330, 'Νασιόπουλος-Κιουπλιώτης', 'Α.Ε. ΟΜΙΛΟΣ ΕΤΑΙΡΕΙΩΝ', 'Πλ. Μαραθοκάμπου 148-418', '8', 'Ηγουμενίτσα', 'ΤΚ 89471', NULL, NULL, 1),
(16331, 'Σπανουδάκης, Μπλιατσίου και Νταβάς', 'Ο.Ε.', 'Ισαακίου 947', '12', 'Γρεβενά', '186 84', NULL, 1, NULL),
(16332, 'Μεϊμάρης-Τσάτη', 'Α.Ε. ΟΜΙΛΟΣ ΕΤΑΙΡΕΙΩΝ', 'Λιάκου 751-591', '953-304', 'Βέροια', '52560', NULL, 1, NULL),
(16333, 'Κομκούδης και υιοί', 'Α.Ε.', 'Πλ. Κάρπης 61', '1', 'Έδεσσα', 'ΤΚ 03217', NULL, 1, NULL),
(16334, 'Γκίνης-Τσάτη', 'Α.Ε.', 'Δαματοπούλου 1', '14', 'Καστοριά', 'ΤΚ 208 70', NULL, 1, NULL),
(16335, 'Χανταμπή Α.Β.Ε.Ε.', 'και υιοί', 'Σιδηρονέρου 30', '25', 'Μυτιλήνη', '19720', NULL, 1, NULL),
(16336, 'Τσικνή, Ασουχίδου και Μπαλτατζή', 'Α.Ε. ΟΜΙΛΟΣ ΕΤΑΙΡΕΙΩΝ', 'Παλαιοκατούνου 2', '715', 'Φλώρινα', '842 37', NULL, 1, NULL),
(16337, 'Παπασταύρου-Ρέππος Ο.Ε.', 'Α.Ε. ΟΜΙΛΟΣ ΕΤΑΙΡΕΙΩΝ', 'Παλαιοβράχας 10-93', '2', 'Θεσσαλονίκη', '76960', 1, NULL, NULL),
(16338, 'Χατζηβλασίου, Μπαλανίκα και Βαρσάμου', 'Α.Ε.', 'Αρτοτίνας 2', '878-900', 'Λιβαδιά', '47063', 1, NULL, NULL),
(16339, 'Καστάνης Α.Ε.', 'Α.Β.Ε.Ε.', 'Ήρας 00', '31', 'Πρέβεζα', '44217', NULL, 1, NULL),
(16340, 'Πουρνάρα, Δουβρόπουλος και Αποστολακάκης', 'Ο.Ε.', 'Λεωφ. Δένδρου 1', '40', 'Έδεσσα', '348 55', NULL, NULL, 1),
(16341, 'Χατζή Α.Ε. ΟΜΙΛΟΣ ΕΤΑΙΡΕΙΩΝ', 'Α.Β.Ε.Ε.', 'Νοχιών 36', '0', 'Βόλος', '45551', NULL, 1, NULL),
(16342, 'Πετσιά-Βασιλογιάννης Α.Ε.', 'Ο.Ε.', 'Λεύκης 6', '41', 'Λευκάδα', '04281', NULL, NULL, 1),
(16343, 'Ανεζάκη-Συρρής Ο.Ε.', 'Α.Β.Ε.Ε.', 'Πάροδος Σμίξης 551-717', '04-52', 'Δράμα', 'ΤΚ 61113', 1, NULL, NULL),
(16344, 'Γκίνης-Χαχούδης', 'Α.Ε.', 'Φίλια 7', '936-153', 'Ιωάννινα', 'ΤΚ 26351', NULL, NULL, 1),
(16345, 'Χατζηβλασίου Α.Ε.', 'Α.Ε. ΟΜΙΛΟΣ ΕΤΑΙΡΕΙΩΝ', 'Γενεσίου 643-039', '13', 'Λαμία', 'ΤΚ 582 19', 1, NULL, NULL),
(16346, 'Κοντάκος, Μιχελακάκη και Αραπίδου', 'Α.Β.Ε.Ε.', 'Συκουρίου 389-305', '5', 'Έδεσσα', 'ΤΚ 24926', NULL, 1, NULL),
(16347, 'Χοντζιά-Θασίτου Α.Ε.', 'Α.Ε.', 'Πάρ. Γρανιτσοπούλας 407', '2', 'Γρεβενά', 'ΤΚ 586 88', NULL, 1, NULL),
(16348, 'Μπίκα Α.Ε.', 'Α.Ε. ΟΜΙΛΟΣ ΕΤΑΙΡΕΙΩΝ', 'Καλών Νερών 8', '76-99', 'Ηράκλειο', '024 89', 1, NULL, NULL),
(16349, 'Τακαντζάς-Γκούβελος Α.Β.Ε.Ε.', 'Ο.Ε.', 'Πάρου 02-23', '5', 'Αγ. Νικόλαος', '762 79', NULL, 1, NULL),
(16350, 'Τρίκα και υιοί', 'Ο.Ε.', 'Πάροδος Σελιάνας 70-17', '00', 'Πρέβεζα', 'ΤΚ 25185', 1, NULL, NULL),
(16351, 'Χατζησταυράκης-Καρανάνου', 'Α.Ε.', 'Προύβα 1', '2', 'Κιλκίς', '18306', NULL, NULL, 1),
(16352, 'Φραγκόπουλος, Λουπασάκης και Δούβαλη', 'Ο.Ε.', 'Πλ. Σπαρτοχωρίου 0', '31', 'Χαλκίδα', 'ΤΚ 86841', NULL, 1, NULL),
(16353, 'Βρακά-Μπακουλή', 'Α.Β.Ε.Ε.', 'Πλατεία Αρτάκης 62', '766', 'Άρτα', 'ΤΚ 541 51', NULL, NULL, 1),
(16354, 'Τσικνιάς Α.Ε.', 'Ο.Ε.', 'Αγίου Γερμανού 51', '30', 'Ηγουμενίτσα', '045 09', NULL, NULL, 1),
(16355, 'Κιοσές-Λεντζίου', 'Α.Β.Ε.Ε.', 'Μηλιανών 2', '355', 'Λευκάδα', '48529', 1, NULL, NULL),
(16356, 'Θεοδωρόπουλος Α.Ε. ΟΜΙΛΟΣ ΕΤΑΙΡΕΙΩΝ', 'Α.Ε. ΟΜΙΛΟΣ ΕΤΑΙΡΕΙΩΝ', 'Ξορυχτίου 23', '8', 'Θεσσαλονίκη', '24560', NULL, NULL, 1),
(16357, 'Πάντου-Αποστολάκης', 'Α.Β.Ε.Ε.', 'Πάρ. Πιτσιωτών 8', '29-64', 'Ρέθυμνο', '13758', NULL, NULL, 1);

--
-- Dumping data for table `paradoteo`
--

INSERT INTO `paradoteo` (`Title`, `ergo`, `Summary`, `Deadline`) VALUES
('Αναλυτική Παρουσίαση', 47, 'Ανάλυση εδάφους', '2023-06-14'),
('Εργασία', 5, 'Δια δραστική έρευνα για την διάσωση των δέντρων', '2023-06-21'),
('Εύρεση νερού σε ορεινές περιοχές', 31, 'Δημιουργία παρουσίασης και αναλυτικού οδηγού', '2024-09-18'),
('Λογοτεχνική Μελέτη', 15, 'Νέες αποκρυπτογραφίσεις εννοιών σε λογοτεχνικά κείμενα', '2023-09-13'),
('Νέο μονοθέσιο', 3, 'Κατασκευή νέου μονοθέσιου foul carbon', '2021-03-15');

--
-- Dumping data for table `pediorelation`
--

INSERT INTO `pediorelation` (`episthmoniko_pedio`, `ergo`) VALUES
('Αεροδυναμική', 1),
('Αεροδυναμική', 2),
('Αεροδυναμική', 3),
('Αεροδυναμική', 4),
('Ανάλυση Δεδομένων', 8),
('Ανάλυση Δεδομένων', 10),
('Ανάλυση Δεδομένων', 32),
('Ανάλυση Δεδομένων', 39),
('Ανάλυση Δεδομένων', 49),
('Ανανεώσιμες Πηγές Ενέργειας', 46),
('Ανθρωπιστικές Επιστήμες', 6),
('Ανθρωπιστικές Επιστήμες', 14),
('Αυτόματα Μοντέλα', 44),
('Βελτιστοποίηση', 19),
('Βιολογία', 11),
('Γερμανική Γλώσσα', 45),
('Γεωλογία', 32),
('Γεωλογία', 49),
('Δυναμικά Συστήματα', 44),
('Επιχειρησιακή Έρευνα', 28),
('Θερμοδυναμική', 41),
('Κβαντομηχανική', 41),
('Κινηματική', 1),
('Κινηματική', 2),
('Κινηματική', 3),
('Κινηματική', 4),
('Κινηματική', 7),
('Κοινωνικές Επιστήμες', 40),
('Κρυπτογραφία', 42),
('Μαθηματικά', 7),
('Νεοελληνική Γλώσσα', 27),
('Οικονομικά', 46),
('Παιδαγωγική', 14),
('Περιβάλλον', 5),
('Σύνθετα Υλικά', 36),
('Τεχνολογίες Διαδικτύου', 26);

--
-- Dumping data for table `programma`
--

INSERT INTO `programma` (`ID`, `Name`, `Address`) VALUES
(127, 'Θεοδωροπούλου-Μητροπούλου Α.Ε.', 'Καλπακίου 784-080,\n609 75 Θεσσαλονίκη'),
(128, 'Χατζηφώτη-Γκανάτσιος και υιοί', 'Χρυσοβιτσίου 115-871,\n84185 Ναύπλιο'),
(129, 'Παπαδοπούλου-Μάρα', 'Πάροδος Πέπλου 9,\n42320 Πύργος'),
(130, 'Καλαϊτζοπούλου-Γραμματικός Α.Ε.', 'Πλ. Χουδετσίου 84-83,\n96947 Λιβαδιά'),
(131, 'Δουκατζής-Σταυρόπουλος Α.Ε. ΟΜΙΛΟΣ ΕΤΑΙΡΕΙΩΝ', 'Χριστοφόρη 3,\n04135 Χανιά'),
(132, 'Τακαντζάς-Βρακά', 'Καρυδίου Μιραμπέλλου 989,\n013 99 Βέροια'),
(133, 'Ευταξιάς, Φουτσιτζής και Καμπερίδης', 'Ιερισσού 73,\n086 91 Ιωάννινα'),
(134, 'Μπίλλας Α.Ε.', 'Θεοκτίστου 870,\nΤΚ 16345 Τρίπολη'),
(135, 'Μπαρκούτα, Κυπριώτης και Χαλαντζούκα', 'Εμπεσού 8,\n19720 Λευκάδα'),
(136, 'Μπαλτατζή, Κολτσάκη και Σκόρδος', 'Δρύμη 715,\n842 37 Καστοριά'),
(137, 'Τρίκα-Τσικνιάς Α.Ε. ΟΜΙΛΟΣ ΕΤΑΙΡΕΙΩΝ', 'Πετροκεφαλίου 09,\n52337 Κιλκίς'),
(138, 'Βαλασίδης, Αναστασάκη και Χατζηβλασίου', 'Πύργου Κιερίου 42,\nΤΚ 878 90 Έδεσσα'),
(139, 'Στοφοριάδης, Σμπονιάς και Ζαχαριουδάκη', 'Ψηλής Βρύσης 20,\nΤΚ 650 30 Τρίκαλα'),
(140, 'Τσακαλάκου Α.Ε. ΟΜΙΛΟΣ ΕΤΑΙΡΕΙΩΝ', 'Πάροδος Καλιτσαίνης 4,\n17610 Κέρκυρα'),
(141, 'Καμπερίδης, Παπαγιαννακόπουλος και Κατσίφος', 'Λαγωπόδου 003,\n85590 Φλώρινα'),
(142, 'Χρυσικάκη, Σκαβέντζου και Δραμουντάνη', 'Καπνιά 69,\n02245 Καρπενήσι'),
(143, 'Ζαχαρίου-Τζαλλας Α.Ε. ΟΜΙΛΟΣ ΕΤΑΙΡΕΙΩΝ', 'Επάνω Βαθείας 94,\n68241 Λευκάδα'),
(144, 'Γενετζάκης-Σιώρης', 'Παύλιανης 4,\nΤΚ 118 77 Καρπενήσι'),
(145, 'Καραμάνος-Καλογιάννη Α.Ε.', 'Λεωφ. Μελισσοχωρίου 29,\nΤΚ 111 33 Αγ. Νικόλαος'),
(146, 'Ακριώτης, Ζορμπάς και Ψάλτης', 'Καρπάθου 15-34,\nΤΚ 26351 Αθήνα'),
(147, 'Κυριαννάκη Α.Β.Ε.Ε.', 'Παρακαλάμου 3,\n392 13 Λαμία'),
(148, 'Τσουκνίδας, Μαράκη και Κορομήλας', 'Πενταβρύσου 87-57,\nΤΚ 389 30 Καρπενήσι'),
(149, 'Σταμέλος-Βασιλείου Α.Ε. ΟΜΙΛΟΣ ΕΤΑΙΡΕΙΩΝ', 'Ιωακείμ 94-71,\n801 32 Έδεσσα'),
(150, 'Ανδριόπουλος-Δάφνη Ο.Ε.', 'Νικοπόλεως 88-09,\n891 63 Καβάλα'),
(151, 'Κανελλή, Χουχουλής και Παπανδρέου', 'Λεωφόρος Θεσσαλονίκης 8,\nΤΚ 45174 Καλαμάτα'),
(152, 'Χατζιάρας, Χατζησταυράκης και Γκαλίου', 'Λευκαδίων 0,\n762 79 Τρίκαλα'),
(153, 'Τρίκα και υιοί', 'Πάροδος Σελιάνας 70-17,\n00992 Ρέθυμνο'),
(154, 'Θωμόπουλος-Χαντζή Α.Ε. ΟΜΙΛΟΣ ΕΤΑΙΡΕΙΩΝ', 'Σταυρακίου 09,\nΤΚ 951 94 Χανιά'),
(155, 'Χουλιάρας-Ρουπακάς', 'Πλατεία Πύλης 3,\nΤΚ 510 07 Ιωάννινα'),
(156, 'Κουτσονίκα Α.Ε. ΟΜΙΛΟΣ ΕΤΑΙΡΕΙΩΝ', 'Λεωφόρος Σύρνας 84-12,\nΤΚ 961 16 Αθήνα');

--
-- Dumping data for table `review`
--

INSERT INTO `review` (`ereuniths`, `ergo`, `Grade`, `Date`) VALUES
(124, 23, 6, '2022-01-17'),
(125, 24, 7, '2021-09-15'),
(126, 10, 5, '2022-02-20'),
(129, 11, 7, '2021-11-29'),
(130, 36, 7, '2023-08-30'),
(131, 12, 7, '2021-09-21'),
(132, 13, 7, '2022-01-16'),
(133, 1, 9, '2022-06-14'),
(135, 25, 5, '2023-03-21'),
(140, 14, 6, '2023-09-14'),
(141, 7, 7, '2022-10-17'),
(144, 2, 10, '2022-02-20'),
(148, 37, 7, '2022-02-21'),
(149, 26, 10, '2025-06-18'),
(150, 38, 10, '2022-11-08'),
(152, 22, 8, '2022-12-15'),
(154, 5, 8, '2021-01-18'),
(159, 39, 6, '2023-06-19'),
(161, 27, 6, '2023-01-01'),
(165, 28, 7, '2022-09-12'),
(166, 29, 9, '2019-04-24'),
(171, 40, 5, '2020-09-16'),
(171, 50, 6, '2019-06-18'),
(173, 30, 4, '2020-10-15'),
(176, 3, 8, '2022-02-21'),
(179, 41, 8, '2020-09-28'),
(180, 48, 4, '2021-10-17'),
(182, 31, 9, '2021-07-23'),
(185, 32, 7, '2023-08-23'),
(186, 33, 7, '2020-09-17'),
(187, 21, 6, '2020-03-17'),
(190, 47, 9, '2025-02-24'),
(193, 42, 8, '2024-04-22'),
(194, 20, 4, '2023-03-13'),
(195, 19, 7, '2024-08-23'),
(196, 18, 6, '2020-10-22'),
(197, 34, 8, '2022-04-18'),
(198, 46, 8, '2024-06-17'),
(200, 35, 5, '2023-08-17'),
(202, 17, 4, '2020-06-15'),
(205, 4, 5, '2020-06-18'),
(205, 6, 7, '2021-11-15'),
(206, 49, 8, '2024-06-13'),
(207, 45, 8, '2018-06-25'),
(211, 16, 8, '2020-08-18'),
(215, 9, 9, '2020-03-15'),
(217, 15, 6, '2021-09-22'),
(219, 44, 4, '2023-01-18'),
(220, 8, 6, '2020-12-16'),
(223, 43, 5, '2022-02-07');

--
-- Dumping data for table `stelexos`
--

INSERT INTO `stelexos` (`ID`, `FistName`, `LastName`, `Gender`, `DoBirth`) VALUES
(122, 'Κρυστάλλης', 'Καρατζίκος', 'Male', '1995-03-25'),
(123, 'Σεβαστή', 'Κουκουθάκη', 'Female', '1965-06-14'),
(124, 'Πολυκράτης', 'Βαχουθιανάκης', 'Male', '1963-01-18'),
(125, 'Λουίζα', 'Πατελλή', 'Female', '1965-08-26'),
(126, 'Καλομοίρα-Λητώ', 'Ποσάντζη', 'Female', '1992-05-15'),
(127, 'Αντωνία', 'Γιαννοπούλου', 'Female', '1978-10-31'),
(128, 'Χαρά', 'Θεοδωροπούλου', 'Female', '1990-08-06'),
(129, 'Μακάριος', 'Σικαλίδης', 'Male', '1967-09-03'),
(130, 'Κερασιά-Μηλιά', 'Ξηρίδου', 'Female', '1965-02-06'),
(131, 'Ελπίδα', 'Σελινοπούλου', 'Female', '1977-05-25'),
(132, 'Ηρακλής', 'Κωστούλας', 'Male', '1984-03-03'),
(133, 'Αρτέμης', 'Πιτσολής', 'Male', '1981-11-07'),
(134, 'Πελοπίδας', 'Ψυλλάκης', 'Male', '1976-02-11'),
(135, 'Θεοτόκης', 'Χριστάκης', 'Male', '1992-06-26'),
(136, 'Ξανθίππη', 'Πουλή', 'Female', '1998-11-28'),
(137, 'Ευστράτιος', 'Κατσιλής', 'Male', '1978-03-13'),
(138, 'Ασκληπιός', 'Σιώμος', 'Male', '1969-02-25'),
(139, 'Λεονάρδος', 'Καραμάνος', 'Male', '1977-04-06'),
(140, 'Στέλλα', 'Αδαμοπούλου', 'Female', '1998-11-12'),
(141, 'Κικιλία', 'Βασιλειάδη', 'Female', '1970-09-17'),
(142, 'Περσεφόνη', 'Λεντζίου', 'Female', '1970-06-20'),
(143, 'Μιχαέλα', 'Μπιμπίκα', 'Female', '1978-01-16'),
(144, 'Σελήνη', 'Τόλη', 'Female', '1981-08-16'),
(145, 'Σταυρούλα', 'Κουκουθάκη', 'Female', '1966-10-31'),
(146, 'Εύκλεια', 'Μηλιάκη', 'Female', '1978-04-27'),
(147, 'Σωτήριος', 'Νικολόπουλος', 'Male', '1981-12-10'),
(148, 'Γαβριέλλα', 'Ευαγγελίδη', 'Female', '1963-06-24'),
(149, 'Οδυσσέας', 'Κουτχιάς', 'Male', '1987-05-25'),
(150, 'Τίτος', 'Αναστασίου', 'Male', '1971-04-04'),
(151, 'Βησσαρία', 'Καπανταϊδάκη', 'Female', '1997-02-27'),
(152, 'Βαλεντίνα', 'Κατσαφάδου', 'Female', '1996-03-23'),
(153, 'Τζένη', 'Καφφέ', 'Female', '1978-06-08'),
(154, 'Βαλάντω', 'Κορωνίδου', 'Female', '1988-08-05'),
(155, 'Ολύμπια', 'Φειζατίδου', 'Female', '1971-06-11'),
(156, 'Λουλουδένια', 'Δεδούκου', 'Female', '2004-05-05'),
(157, 'Αγνή-Μαργιέττα', 'Φλασκή', 'Female', '1986-10-29'),
(158, 'Μεγακλής', 'Κουλίδης', 'Male', '1963-04-14'),
(159, 'Μερόπη', 'Καλαϊτζοπούλου', 'Female', '1996-02-01'),
(160, 'Σταματίνα-Λασκαρίνα', 'Τόλη', 'Female', '1983-10-15'),
(161, 'Χρυσή', 'Γιακαμόζη', 'Female', '1980-01-22'),
(162, 'Ξανθίππη', 'Παλαμπουγιούκη', 'Female', '1975-06-04'),
(163, 'Θουκυδίδης-Θεοδόσιος', 'Λυμπέρης', 'Male', '1966-06-13'),
(164, 'Αδαμάντιος', 'Κουρελής', 'Male', '1979-05-30'),
(165, 'Όλγα', 'Παυλάκη', 'Female', '1977-10-18'),
(166, 'Θεανώ', 'Καλαϊτζοπούλου', 'Female', '1983-03-04'),
(167, 'Θεολογία', 'Τσικρίκα', 'Female', '1999-02-19'),
(168, 'Σόλων', 'Δανιηλίδης', 'Male', '1986-06-22'),
(169, 'Λεώνη', 'Χριστογιάννη', 'Female', '1966-08-06'),
(170, 'Ερωτόκριτος', 'Αραμπατζής', 'Male', '1963-04-09'),
(171, 'Ποθητή', 'Μηλιάδου', 'Female', '1966-12-13'),
(172, 'Αμφιτρίτη-Θεανώ', 'Παπακωνσταντίνου', 'Female', '1971-09-01'),
(173, 'Κοραλία', 'Παππά', 'Female', '1972-02-02'),
(174, 'Θεόφιλος', 'Εμπορόπουλος', 'Male', '1984-10-18'),
(175, 'Φαίδρα', 'Πάνου', 'Female', '1988-06-18'),
(176, 'Λαοκράτης', 'Κατεβάτης', 'Male', '1998-09-28'),
(177, 'Χαράλαμπος', 'Τσαμασλίδης', 'Male', '1993-11-27'),
(178, 'Αθηναγόρας-Προμηθέας', 'Γκίνης', 'Male', '1990-04-02'),
(179, 'Γαβριέλλα', 'Αγγελίδου', 'Female', '1996-06-26'),
(180, 'Συμεών', 'Τάρναρης', 'Male', '1997-05-24'),
(181, 'Σπυριδούλα-Ρωξάνη', 'Ζυγούρη', 'Female', '1967-11-04'),
(182, 'Ειρήνη', 'Κανταρελή', 'Female', '1979-03-21'),
(183, 'Βύρων', 'Φραγκόπουλος', 'Male', '2000-08-16'),
(184, 'Σεμίνα', 'Γιακαμόζη', 'Female', '1991-06-29'),
(185, 'Σιρανούς-Αριστόβουλος', 'Σκρέκας', 'Male', '1993-07-22'),
(186, 'Βενετία', 'Χατζηγεωργίου', 'Female', '2003-05-22'),
(187, 'Ευμένιος', 'Κυργιάκης', 'Male', '1988-01-17'),
(188, 'Σωτήρης', 'Αντωνίου', 'Male', '1996-03-13'),
(189, 'Θεοπίστη', 'Μάλαμα', 'Female', '1972-09-07'),
(190, 'Ερμής', 'Πανούσης', 'Male', '1986-08-20'),
(191, 'Λέων', 'Κυπραίος', 'Male', '1980-10-13'),
(192, 'Λητώ-Ισιδώρα', 'Αναστασίου', 'Female', '1983-07-28'),
(193, 'Θεμιστοκλής', 'Πικούνης', 'Male', '1994-05-02'),
(194, 'Παράσχος', 'Ράλλης', 'Male', '1999-12-29'),
(195, 'Χαράλαμπος', 'Αντωνόπουλος', 'Male', '1993-06-12'),
(196, 'Σμαράγδα', 'Διοπούλου', 'Female', '1989-11-24'),
(197, 'Λουίζα', 'Βαφειάδου', 'Female', '1963-10-31'),
(198, 'Αγησίλαος', 'Καρατζίκος', 'Male', '2002-01-10'),
(199, 'Θεοδόσης', 'Τοδώρης', 'Male', '1976-07-07'),
(200, 'Μαριάνθη-Μαλβίνα', 'Μουτζούρη', 'Female', '1988-09-10'),
(201, 'Ελπίς-Δαβιδούλα', 'Δήμου', 'Female', '2000-12-09'),
(202, 'Ευάγγελος', 'Ριζούλης', 'Male', '1998-09-05'),
(203, 'Θεοδότη', 'Καλαϊτζοπούλου', 'Female', '1972-11-02'),
(204, 'Έκτορας', 'Ραχμανίδης', 'Male', '1965-11-28'),
(205, 'Βενιζέλος', 'Κυριατσούλης', 'Male', '1987-02-20'),
(206, 'Σωτήρης', 'Κομπολιάς', 'Male', '1984-05-27'),
(207, 'Λέανδρος', 'Σαμαράς', 'Male', '1991-10-02'),
(208, 'Άγγελος', 'Ψυλλάκης', 'Male', '1972-01-01'),
(209, 'Ακριβή', 'Παυλή', 'Female', '1970-12-26'),
(210, 'Έκτορας', 'Τσομώκος', 'Male', '1995-02-11'),
(211, 'Φρύνη', 'Κυργιά', 'Female', '2004-01-31'),
(212, 'Αναξαγόρας', 'Πιάγκος', 'Male', '1991-04-08'),
(213, 'Χαραλαμπία', 'Κανελλή', 'Female', '1998-06-16'),
(214, 'Ανέστης', 'Σφύρλας', 'Male', '1973-02-18'),
(215, 'Ασπασία', 'Σκυλογιάννη', 'Female', '1999-05-27'),
(216, 'Κρυστάλλης', 'Χαραλαμπίδης', 'Male', '1991-12-31'),
(217, 'Ζαμπία', 'Λυμαξή', 'Female', '1963-05-08'),
(218, 'Ηρόδοτος', 'Καρτάς', 'Male', '1999-01-09'),
(219, 'Πολυχρόνιος', 'Κουρσουμίδης', 'Male', '1985-09-18'),
(220, 'Σαββούλα', 'Παπατζήκα', 'Female', '1972-01-25'),
(221, 'Άριστος-Ορφέας', 'Δημητρόπουλος', 'Male', '2000-10-02');

--
-- Dumping data for table `telephone`
--

INSERT INTO `telephone` (`Number`, `organization`) VALUES
('2108645732', 16328),
('6985 767571', 16329),
('210 3126783', 16330),
('6900 631699', 16331),
('6983028746', 16331),
('6919 703 695', 16332),
('2103090985', 16333),
('210 7419743', 16334),
('6968 539410', 16334),
('210 5997187', 16335),
('6956016922', 16336),
('6916304461', 16337),
('6945 938805', 16338),
('2802704525', 16339),
('2109861491', 16340),
('2192708351', 16341),
('2230639752', 16341),
('2580 337 524', 16342),
('6915450190', 16343),
('2124038857', 16344),
('6968 861 197', 16345),
('22430 64 000', 16346),
('2150 584 038', 16347),
('210 4906649', 16348),
('2450 877165', 16349),
('210 803 7603', 16350),
('6941 227 058', 16351),
('6918374466', 16352),
('2028 533234', 16353),
('210 2848023', 16354),
('6923829238', 16355),
('2073006268', 16356),
('6936 887121', 16357);

--
-- Dumping data for table `university`
--

INSERT INTO `university` (`ID`, `Budget`) VALUES
(1, '1000000.00'),
(2, '50000.00'),
(3, '150000.00'),
(4, '75500.00'),
(5, '75500.00'),
(6, '95000.00'),
(7, '250000.00'),
(8, '350000.00'),
(9, '450000.00'),
(10, '56000.00'),
(11, '256000.00'),
(12, '96000.00'),
(13, '650000.00'),
(14, '750000.00'),
(15, '135000.00');

--
-- Dumping data for table `worksforergo`
--

INSERT INTO `worksforergo` (`ergo`, `ereuniths`) VALUES
(1, 127),
(2, 127),
(2, 128),
(2, 159),
(2, 223),
(3, 133),
(4, 134),
(5, 136),
(6, 139),
(6, 141),
(7, 144),
(8, 153),
(9, 147),
(9, 154),
(10, 127),
(10, 147),
(10, 155),
(10, 223),
(11, 158),
(12, 158),
(13, 127),
(13, 144),
(13, 162),
(14, 127),
(14, 161),
(14, 176),
(14, 223),
(15, 181),
(16, 192),
(17, 199),
(18, 203),
(18, 205),
(19, 213),
(20, 213),
(21, 220),
(22, 126),
(23, 129),
(23, 131),
(24, 132),
(24, 140),
(25, 142),
(26, 146),
(27, 127),
(27, 151),
(27, 156),
(28, 152),
(28, 157),
(29, 160),
(29, 167),
(30, 147),
(30, 170),
(30, 195),
(31, 202),
(31, 211),
(32, 214),
(32, 217),
(33, 125),
(33, 221),
(34, 124),
(34, 135),
(34, 223),
(35, 137),
(35, 143),
(36, 149),
(37, 161),
(37, 162),
(37, 173),
(38, 166),
(38, 173),
(38, 182),
(39, 180),
(39, 184),
(39, 185),
(40, 186),
(41, 186),
(42, 189),
(42, 196),
(42, 199),
(43, 197),
(43, 200),
(43, 201),
(44, 127),
(44, 147),
(44, 150),
(44, 176),
(44, 208),
(44, 210),
(44, 223),
(45, 130),
(45, 145),
(45, 148),
(46, 147),
(46, 150),
(46, 159),
(47, 163),
(47, 164),
(47, 169),
(48, 171),
(48, 178),
(48, 223),
(49, 175),
(49, 183),
(49, 190),
(49, 223),
(50, 209),
(50, 218),
(50, 219);

--
-- Dumping data for table `worksfororganization`
--

INSERT INTO `worksfororganization` (`organization`, `ereuniths`, `SINCE`) VALUES
(16346, 124, '2020-06-30'),
(16328, 127, '2022-06-06'),
(16329, 128, '2022-05-08'),
(16341, 129, '2021-06-13'),
(16349, 130, '2022-02-06'),
(16341, 132, '2019-09-12'),
(16330, 134, '2022-04-10'),
(16347, 135, '2019-10-09'),
(16342, 140, '2018-12-11'),
(16331, 141, '2022-04-10'),
(16332, 144, '2019-06-18'),
(16349, 145, '2020-08-12'),
(16348, 150, '2020-10-13'),
(16342, 152, '2021-02-15'),
(16333, 153, '2021-08-20'),
(16334, 154, '2022-04-17'),
(16350, 159, '2019-06-16'),
(16343, 160, '2017-06-19'),
(16336, 162, '2020-04-06'),
(16351, 164, '2022-01-09'),
(16344, 168, '2022-01-02'),
(16352, 169, '2020-07-15'),
(16335, 172, '2023-06-11'),
(16345, 174, '2020-06-14'),
(16357, 175, '2021-12-13'),
(16353, 178, '2022-04-19'),
(16337, 181, '2021-09-13'),
(16354, 183, '2020-03-17'),
(16354, 190, '2020-06-24'),
(16338, 192, '2020-10-18'),
(16355, 198, '2021-10-18'),
(16339, 199, '2022-02-06'),
(16340, 203, '2021-04-05'),
(16356, 207, '2024-06-18');

-- --------------------------------------------------------

--
-- Structure for view `view1`
--
DROP TABLE IF EXISTS `view1`;

CREATE ALGORITHM=UNDEFINED SQL SECURITY DEFINER VIEW `view1`  AS SELECT `p`.`ID` AS `ereuniths_ID`, `p`.`FirstName` AS `first_name`, `p`.`LastName` AS `last_name`, `pm`.`ID` AS `ergo_id`, `pm`.`Title` AS `title`, `pm`.`Synopsis` AS `Synopsis` FROM ((`worksforergo` `w` join `ereuniths` `p` on(`w`.`ereuniths` = `p`.`ID`)) join `ergo` `pm` on(`w`.`ergo` = `pm`.`ID`)) ;

-- --------------------------------------------------------

--
-- Structure for view `view2`
--
DROP TABLE IF EXISTS `view2`;

CREATE ALGORITHM=UNDEFINED SQL SECURITY DEFINER VIEW `view2`  AS SELECT `p`.`ID` AS `ereuniths_ID`, `p`.`FirstName` AS `first_name`, `p`.`LastName` AS `last_name`, `pm`.`ID` AS `oraganization_id`, `pm`.`TagName` AS `tagname`, `w`.`SINCE` AS `date` FROM ((`worksfororganization` `w` join `ereuniths` `p` on(`w`.`ereuniths` = `p`.`ID`)) join `organization` `pm` on(`w`.`organization` = `pm`.`ID`)) ;
COMMIT;

/*!40101 SET CHARACTER_SET_CLIENT=@OLD_CHARACTER_SET_CLIENT */;
/*!40101 SET CHARACTER_SET_RESULTS=@OLD_CHARACTER_SET_RESULTS */;
/*!40101 SET COLLATION_CONNECTION=@OLD_COLLATION_CONNECTION */;
